{
  "coefficients": {
    "DEF": {
      "0.25": {
        "const": 3.407677612088378e-06,
        "form_bps": 0.020133872727541302,
        "form_creativity": 0.01564247589637091,
        "form_defensive_contribution": 0.08033519885520946,
        "form_expected_assists": -52.848623803583905,
        "form_expected_goal_involvements": 52.98419772624038,
        "form_expected_goals": -50.79786084103398,
        "form_influence": -0.006175689219560354,
        "form_threat": 0.0009027116589095385,
        "form_total_points": 0.009166292766167317,
        "opp_strength_att": -6.402840564412315e-07,
        "opp_strength_def": -1.1836889761696057e-06,
        "value_scaled": -4.2953640200238397e-07,
        "was_home": 1.9752098079361957e-07,
        "xmin": -0.5201245533999099
      },
      "0.5": {
        "const": 6.394817222421523e-07,
        "form_bps": 0.01592742999881569,
        "form_creativity": 0.022378651290049234,
        "form_defensive_contribution": 0.2348264515478231,
        "form_expected_assists": -37.909939053108246,
        "form_expected_goal_involvements": 37.42799536882376,
        "form_expected_goals": -35.559219950144325,
        "form_influence": -0.022978881749599465,
        "form_threat": 0.024056062907200637,
        "form_total_points": 0.07596955553011497,
        "opp_strength_att": -5.076476307097622e-07,
        "opp_strength_def": -6.740255963366693e-07,
        "value_scaled": 1.435292059231985e-07,
        "was_home": 2.0715994573060337e-07,
        "xmin": -0.27221579501144433
      },
      "0.75": {
        "const": -2.661813462534468e-06,
        "form_bps": 0.03311188710614488,
        "form_creativity": 0.07141350332216234,
        "form_defensive_contribution": 0.39379823702637395,
        "form_expected_assists": -78.96227098320378,
        "form_expected_goal_involvements": 77.53730738261947,
        "form_expected_goals": -77.00495039075031,
        "form_influence": -0.031208932839149384,
        "form_threat": 0.08804945101778827,
        "form_total_points": 0.19020684782094577,
        "opp_strength_att": -1.1195714502143517e-06,
        "opp_strength_def": -6.134191976592263e-07,
        "value_scaled": 1.1667069739207392e-06,
        "was_home": 2.7431153966361865e-07,
        "xmin": 0.3600243072073681
      }
    },
    "FWD": {
      "0.25": {
        "const": 1.11215932818709e-06,
        "form_bps": -0.005959406167619363,
        "form_creativity": 0.025909533272468366,
        "form_defensive_contribution": 0.043025926858547336,
        "form_expected_assists": -173.27232877758797,
        "form_expected_goal_involvements": 173.3905960849952,
        "form_expected_goals": -172.9192686912138,
        "form_influence": 0.02159406055343993,
        "form_threat": 0.00011187793083422548,
        "form_total_points": -0.0005942455292711202,
        "opp_strength_att": -1.9220727054403142e-07,
        "opp_strength_def": -7.788568828770437e-07,
        "value_scaled": -7.75266063013369e-08,
        "was_home": 2.807950458816322e-07,
        "xmin": 0.5230157048686124
      },
      "0.5": {
        "const": -3.039736107268709e-07,
        "form_bps": -0.044630593693000264,
        "form_creativity": 0.026838262980191985,
        "form_defensive_contribution": 0.1798756117052278,
        "form_expected_assists": -99.9870069399476,
        "form_expected_goal_involvements": 99.61169234919362,
        "form_expected_goals": -99.16712425113656,
        "form_influence": -0.06865896249854586,
        "form_threat": 0.01938306034654147,
        "form_total_points": 0.6607682690201955,
        "opp_strength_att": 4.4945330657242266e-07,
        "opp_strength_def": -8.172709380360743e-07,
        "value_scaled": 1.4841906731399845e-07,
        "was_home": 1.4980550244736435e-07,
        "xmin": -0.2077705746405627
      },
      "0.75": {
        "const": -9.900311965793662e-07,
        "form_bps": -0.05669462836885941,
        "form_creativity": 0.01895429646856428,
        "form_defensive_contribution": 0.3575678672214053,
        "form_expected_assists": -888.2452970854938,
        "form_expected_goal_involvements": 888.2650812193751,
        "form_expected_goals": -886.1654328908771,
        "form_influence": -0.16779650450585848,
        "form_threat": 0.045540294951479154,
        "form_total_points": 1.4117770234975069,
        "opp_strength_att": 1.7568680732438224e-07,
        "opp_strength_def": -9.617515956961142e-07,
        "value_scaled": 4.256113008693774e-07,
        "was_home": 8.934372885960329e-08,
        "xmin": -0.4712312307492539
      }
    },
    "GKP": {
      "0.25": {
        "const": 1.6498204979953357e-07,
        "form_bps": 0.04047678980868108,
        "form_creativity": 0.03073452027070489,
        "form_defensive_contribution": 4.968437654228129e-08,
        "form_expected_assists": 162.947938626643,
        "form_expected_goal_involvements": -137.84195964856553,
        "form_expected_goals": -300.7898983896812,
        "form_influence": 0.009199556294614109,
        "form_threat": 1.9561376350923751,
        "form_total_points": 0.08656034831581039,
        "opp_strength_att": 1.8780992760980553e-08,
        "opp_strength_def": -1.9470728362946943e-07,
        "value_scaled": -1.7389306328219334e-08,
        "was_home": 6.029110515004543e-08,
        "xmin": -0.12565021161600498
      },
      "0.5": {
        "const": -1.42007356762619e-07,
        "form_bps": -0.0032865182707073615,
        "form_creativity": -0.0036997998262950915,
        "form_defensive_contribution": -3.907443761975992e-09,
        "form_expected_assists": 25.95107960441146,
        "form_expected_goal_involvements": -17.4120802209236,
        "form_expected_goals": -43.36315938298321,
        "form_influence": 0.0017877999920061782,
        "form_threat": 0.024223046985952124,
        "form_total_points": 0.027906397851992892,
        "opp_strength_att": -5.379321923459912e-07,
        "opp_strength_def": 9.436267811580024e-08,
        "value_scaled": 1.4723486679857345e-07,
        "was_home": 6.113933082984441e-08,
        "xmin": 1.9182489246796308
      },
      "0.75": {
        "const": -1.1679654994267707e-06,
        "form_bps": 0.04496578343917701,
        "form_creativity": -0.26661217210937593,
        "form_defensive_contribution": 2.3820706260001135e-10,
        "form_expected_assists": -206.87416759358894,
        "form_expected_goal_involvements": 338.1269704104343,
        "form_expected_goals": 545.0011302196071,
        "form_influence": -0.04673064798782711,
        "form_threat": -4.3830868501743225,
        "form_total_points": 0.4155322661765979,
        "opp_strength_att": -3.610737291381838e-07,
        "opp_strength_def": -1.9837969400526845e-07,
        "value_scaled": 4.563809521407336e-07,
        "was_home": 5.1504899192811315e-08,
        "xmin": 3.5279571220223573
      }
    },
    "MID": {
      "0.25": {
        "const": -2.499297124813893e-08,
        "form_bps": 0.045611108414959745,
        "form_creativity": 0.016600551751025705,
        "form_defensive_contribution": 0.06449856367589746,
        "form_expected_assists": 28.640312787145376,
        "form_expected_goal_involvements": -28.604694340378046,
        "form_expected_goals": 29.62802527844906,
        "form_influence": 0.012556920955319129,
        "form_threat": 0.006323891949364224,
        "form_total_points": -0.13682938254896726,
        "opp_strength_att": 1.2941075766548238e-08,
        "opp_strength_def": -7.753349251515829e-08,
        "value_scaled": -6.693122056589118e-08,
        "was_home": 1.1423806500765465e-07,
        "xmin": -0.3032248355666525
      },
      "0.5": {
        "const": -2.9838951687288784e-07,
        "form_bps": 0.04172806085148295,
        "form_creativity": 0.030790121521988567,
        "form_defensive_contribution": 0.15843657458208327,
        "form_expected_assists": -143.4189080512151,
        "form_expected_goal_involvements": 143.89762523397803,